2018,2019,2020
M,Male,Male
F,Male,Male
M,Male,Male
M,Male,Male
M,Male,Male
M,Male,Male
M,Male,Male
F,Male,Male
M,Male,Male
M,Male,Male
M,Male,Female
M,Male,Male
F,Male,
M,Male,Male
M,Male,Male
F,Male,Male
M,Male,Male
M,Male,Male
M,Male,Male
M,Male,Male
M,Male,Male
F,Male,Male
M,Male,Male
M,Male,Male
M,Male,Male
F,Male,Male
M,Male,Male
M,Male,Male
M,Male,Male
M,Male,Male
M,Male,Male
F,Male,Male
M,Male,Female
M,Male,Male
M,Male,Male
M,Male,Male
M,Male,Female
M,Male,Male
M,Male,Male
M,Male,Male
M,Male,Male
M,Male,Male
M,Male,Male
M,Male,Female
F,Female,Male
M,Male,Male
M,Male,Female
M,Male,Male
M,Male,Female
M,Male,Male
M,Male,Male
M,Male,Female
M,Male,Female
M,Male,Male
F,Male,Male
M,Male,Male
M,Female,Male
F,Male,Male
M,Female,Male
M,Male,Male
M,Male,Female
F,Male,Male
M,Male,Male
F,Male,Male
M,Female,Male
F,Male,Male
M,Male,Male
M,Male,Male
M,Male,Male
F,Male,Male
M,Male,Male
M,Male,Male
M,Male,Male
M,Male,Male
M,Male,Male
M,Male,Male
M,Male,Male
M,Female,Male
M,Male,Male
M,Male,Female
M,Male,Male
M,Male,Female
M,Male,Male
M,Male,Male
M,Male,Male
F,Male,Male
F,Male,Male
,Male,Female
M,Female,Male
M,Male,Male
M,Male,Male
M,Male,Male
M,Male,Female
M,Female,Female
M,Male,Female
M,Male,Male
M,Female,Male
M,Male,Female
M,Male,Male
F,Male,Male
M,Male,Male
M,Male,Male
M,Male,Female
M,Male,Male
M,Male,Male
M,Male,Male
M,Male,Male
M,Male,Male
M,Male,Male
M,Male,Male
F,Male,Male
M,Male,Male
M,Male,Male
M,Female,Male
M,Male,Male
M,Male,Male
M,Male,Female
M,Male,Female
M,Male,Male
M,Male,Male
F,Male,Male
F,Male,Female
M,Female,Male
M,Female,Female
M,Male,Male
M,Male,Male
M,Male,Male
M,Male,Male
M,Male,Male
F,Male,Male
M,Male,Male
M,Female,Male
M,Female,Male
M,Male,Male
M,Female,Male
M,Male,Male
M,Male,Male
M,Male,Male
F,Male,Male
M,Female,Male
M,Male,Male
M,Female,Male
M,Male,Male
M,Male,Male
F,Male,Male
M,Male,Male
M,Male,Male
M,Male,Female
M,Male,Male
M,Male,Male
M,Male,Male
M,Male,Female
M,Female,Male
F,Male,Female
F,Female,Female
M,Male,Male
M,Male,Male
M,Male,Male
F,Male,Male
M,Female,Male
M,Male,Male
M,Male,Female
M,Male,Male
M,Male,Male
M,Male,Male
M,Female,Female
M,Male,Male
M,Male,Male
M,Male,Male
M,Male,Male
M,Female,Male
M,Male,Male
M,Male,Male
M,Male,Male
M,Male,Male
M,Female,Male
F,Male,Male
M,Male,Male
M,Male,Male
M,Male,Female
F,Male,Male
M,Male,Male
M,Male,Male
M,Female,Male
M,Male,Male
M,Female,Male
M,Male,Male
M,Male,Male
M,Male,Male
F,Male,Male
M,Male,Male
M,Male,Female
M,Male,Male
M,Male,Male
M,Male,Male
M,Female,Male
M,Male,Male
M,Female,Male
F,Male,Female
M,Female,Male
M,Male,Male
M,Male,Male
M,Female,Male
M,Male,Male
M,Female,Female
M,Male,Female
F,Male,Male
M,Male,Male
F,Male,Male
M,Male,Male
M,Male,Female
M,Male,Male
M,Male,Male
M,Male,Male
M,Male,Male
M,Male,Male
M,Male,Female
M,Male,Male
M,Female,Male
M,Male,Male
F,Male,Male
F,Male,Male
M,Male,Male
M,Male,Male
M,Male,Male
M,Male,Male
M,Male,Male
M,Female,Male
M,Male,Male
M,Male,Male
M,Male,Male
M,Male,Female
M,Male,Male
M,Male,Male
M,Male,Male
M,Male,Male
M,Female,Male
M,Male,Male
M,Male,Male
M,Male,Female
M,Female,Female
M,Male,Male
M,Male,Female
F,Male,Male
M,Male,Male
M,Female,Female
F,Male,Male
F,Male,Male
M,Male,Male
M,Male,Male
M,Female,Male
M,Male,Male
M,Male,Male
M,Female,Male
M,Female,Female
M,Male,Male
M,Male,Male
M,Male,Male
M,Male,Male
M,Female,Male
M,Male,Male
M,Male,Male
M,Male,Male
F,Male,Male
M,Male,Male
M,Male,Male
M,Male,Male
M,Female,Male
M,Male,Female
M,Male,Male
M,Male,Male
M,Female,Male
M,Female,Male
F,Male,Male
M,Male,Female
F,Male,Male
M,Male,Male
F,Male,Male
M,Female,Male
F,Male,Male
M,Male,Male
M,Male,Male
M,Female,Female
M,Male,Male
M,Male,Male
M,Male,Female
M,Male,Male
M,Male,Male
M,Male,Male
M,Female,Male
M,Male,Male
M,Male,Male
M,Male,Male
M,Male,Male
M,Male,Male
M,Male,Male
M,Male,Male
M,Female,Male
M,Male,Male
M,Male,Male
M,Male,Male
M,Male,Male
M,Male,Male
M,Male,Male
M,Male,Male
F,Male,Female
M,Male,Male
M,Female,Male
M,Male,Male
M,Male,Male
F,Male,Female
M,Male,Male
M,Male,Male
M,Male,Female
M,Male,Male
F,Male,Male
M,Male,Male
M,Male,Male
M,Male,Diverse
M,Male,Male
F,Male,Male
M,Male,Male
M,Male,Male
M,Male,Male
M,Female,Female
M,Male,Male
F,Male,Male
F,Male,Male
M,Male,Male
M,Male,Male
M,Male,
M,Male,Male
M,Male,Male
M,Male,Male
F,Male,Male
M,Male,Male
M,Male,Male
M,Male,Male
M,Male,Male
M,Male,Male
M,Male,Male
M,Male,Male
M,Male,Male
M,Male,Male
M,Male,Male
M,Male,Male
M,Female,Male
M,Male,Male
M,Male,Male
F,Male,Male
M,Male,Male
M,Female,Male
M,Male,Male
M,Female,Male
M,Male,Male
M,Male,Male
M,Male,Female
M,Female,Male
M,Female,Male
M,Male,Male
M,Male,Male
M,Female,Male
M,Male,Male
M,Male,Male
M,Male,Male
M,Male,Male
M,Male,Male
F,Male,Male
M,Male,Male
M,Male,Male
M,Female,Male
M,Male,Female
M,Male,Male
M,Male,Female
M,Female,Male
M,Male,Male
M,Female,Male
M,Male,Male
M,Male,Male
M,Male,Male
M,Male,Male
M,Male,Male
F,Male,Male
M,Male,Male
M,Male,Male
M,Male,Male
M,Male,Male
M,Female,Male
M,Male,Male
F,Male,Male
M,Male,Male
M,Male,Male
M,Female,Male
F,Male,Male
M,Male,Male
F,Female,Male
F,Male,Male
F,Male,Male
M,Female,Female
M,Female,Male
M,Male,Male
F,Male,Male
M,Male,Female
M,Male,Male
M,Male,Female
M,Female,Male
F,Male,Male
F,Male,Male
M,Female,Male
M,Male,Male
M,Male,Male
M,Male,Male
F,Male,Female
M,Male,Male
M,Female,Male
M,Male,Male
M,Male,Male
M,Male,Male
M,Male,Male
M,Male,Female
M,Male,Female
M,Male,Male
F,Male,Male
M,Male,Male
M,Male,Male
,Male,Male
M,Male,Female
M,Male,Female
M,Female,Female
M,Male,Male
M,Male,Female
M,Male,Male
M,Female,Male
M,Male,Male
M,Male,Male
F,Male,Male
M,Male,Male
M,Male,Male
M,Male,Male
M,Female,Male
M,Male,Male
F,Female,Male
M,Male,Male
M,Male,Male
M,Male,Male
M,Male,Male
M,Male,Female
M,Male,Male
M,Male,Female
M,Male,Male
M,Male,Male
F,Male,Female
M,Male,Female
M,Male,Male
M,Male,Male
M,Male,Male
M,Female,Male
M,Male,Male
M,Male,Male
M,Male,Male
M,Male,Male
M,Male,Female
M,Male,Male
M,Male,Female
M,Male,Male
M,Male,Male
M,Male,Male
M,Male,Male
F,Male,Female
M,Male,Male
M,Female,Male
F,Male,Male
M,Male,Female
M,Male,
M,Male,Male
M,Male,Male
M,Male,Male
F,Female,Male
M,Male,Female
M,Male,Male
M,Male,Male
M,Male,Male
M,Male,Male
M,Male,Male
M,Male,Male
M,Male,Male
M,Male,Female
F,Female,Male
M,Female,Male
M,Male,Male
M,Male,Male
M,Female,Male
M,Male,Male
M,Male,Male
M,Male,Male
M,Male,Male
M,Male,Male
M,Male,Male
F,Male,Male
M,Male,Male
F,Male,Female
M,Male,Male
M,Male,Male
M,Male,Male
M,Male,Male
M,Male,Male
F,Male,Male
F,Male,Male
M,Male,Male
M,Male,Female
M,Male,Female
M,Male,Male
M,Male,Male
M,Male,Male
M,Male,Female
M,Male,Male
M,Male,Male
M,Male,Male
M,Male,Male
M,Male,Male
M,Male,Male
M,Female,Male
F,Male,Male
M,Male,Female
M,Female,Female
F,Male,Male
M,Male,Male
M,Male,Female
M,Female,Male
M,Male,Male
M,Female,Male
M,Female,Male
M,Male,Male
F,Male,Male
M,Female,Male
F,Female,Male
M,Male,Male
M,Female,Male
F,Male,Male
F,Male,Male
M,Female,Male
M,Female,Male
M,Male,Male
M,Male,Male
M,Male,Male
M,Male,Male
M,Male,Male
F,Male,Male
F,Male,Male
M,Male,Male
M,Male,Male
M,Male,Male
M,Female,Male
M,Male,Male
M,Male,Male
M,Male,Male
M,Male,Male
M,Male,Male
M,Male,Male
M,Male,Male
M,Male,Male
M,Male,Male
M,Male,Male
M,Female,Female
M,Female,Male
M,Male,Male
M,Female,Male
M,Male,Male
M,Male,Male
M,Female,Male
M,Male,Male
F,Male,Female
M,Male,Male
M,Male,Male
F,Female,Male
M,Male,Male
M,Male,Male
M,Male,Male
M,Male,Male
M,Male,Female
M,Male,Male
M,Male,Female
M,Male,Male
M,Female,Male
M,Male,Female
F,Female,Male
M,Female,Male
M,Male,Male
M,Female,Male
M,Male,Female
M,Male,Male
M,Male,Female
M,Male,Male
M,Male,Male
M,Male,Male
M,Male,Male
F,Male,Male
M,Male,Male
M,Male,Male
M,Female,Male
M,Male,Female
F,Male,Female
F,Male,Male
M,Male,Male
M,Female,Male
M,Male,Female
M,Male,Male
M,Female,Male
M,Female,Male
M,Male,Male
M,Male,Male
M,Male,Male
F,Male,Male
M,Male,Male
M,Male,Male
M,Male,Male
M,Male,Female
M,Male,Male
M,Male,Male
M,Male,Male
M,Male,Male
M,Male,Male
M,Male,Male
M,Male,Male
F,Female,Male
M,Male,Male
M,Male,Male
M,Male,Male
M,Male,Male
M,Male,Male
M,Male,Male
M,Female,Female
M,Male,Male
M,Male,Male
F,Male,Male
M,Male,Male
M,Female,Male
M,Male,Male
M,Male,Male
M,Female,Female
M,Male,Male
M,Male,Male
F,Male,Female
F,Male,Female
M,Male,Male
M,Male,Male
M,Male,Male
M,Female,Female
M,Male,Male
F,Female,Male
M,Male,Female
M,Female,Male
M,Male,Female
M,Male,Male
M,Male,Male
M,Male,Male
M,Male,Female
M,Male,Male
M,Male,Male
M,Female,Male
M,Female,Male
M,Male,Female
M,Male,Male
M,Male,Male
M,Male,Male
F,Female,Male
M,Male,Male
M,Female,Male
M,Male,Male
M,Male,Male
F,Male,Female
M,Male,Male
M,Male,Male
M,Male,Male
M,Male,Male
M,Male,Male
M,Male,Male
M,Male,Male
M,Male,Female
M,Male,Male
M,Male,Female
M,Male,Male
M,Female,Male
M,Female,Male
M,Male,Male
M,Male,Female
M,Male,Male
M,Male,Female
M,Male,Male
M,Male,Male
M,Male,Male
M,Female,Male
M,Male,Male
F,Female,Male
F,Male,Female
M,Male,Male
M,Male,Male
M,Male,Male
M,Male,Male
M,Female,Male
M,Male,Male
M,Male,Male
M,Male,Male
M,Male,Male
M,Male,Male
M,Male,Male
F,Male,Male
M,Male,Male
M,Male,Male
,Male,Male
M,Male,Male
F,Male,Male
M,Male,Male
M,Male,Female
F,Female,Male
M,Male,Male
M,Male,Male
M,Male,Female
M,Male,Male
M,Male,Male
M,Male,Male
M,Male,
F,Male,Male
M,Male,Male
M,Male,Male
M,Female,Male
F,Female,Male
M,Male,Diverse
F,Male,Male
M,Male,Male
M,Male,Female
F,Male,Male
M,Male,Male
,Male,Male
,Male,Male
M,Male,Male
M,Male,Male
,Male,Male
,Male,Male
M,Male,Female
,Male,Male
,Female,Male
M,Male,Female
M,Male,Male
M,Male,Female
M,Male,Male
M,Male,Male
,Male,Male
M,Male,Male
M,Male,Female
M,Male,Female
M,Male,Male
,Male,Male
M,Female,Male
,Female,Male
M,Female,Female
M,Male,Male
,Male,Male
M,Male,Male
M,Female,Male
M,Male,Female
M,Male,Male
M,Male,Male
,Male,Male
F,Male,Male
,Male,Male
,Male,Female
,Male,Male
,Male,Male
,Male,Male
,Male,Male
,Male,Male
,Male,Male
,Male,Male
,Male,Male
,Female,Male
,Male,Male
,Male,Male
,Male,Male
,Female,Male
,Male,Male
,Female,Male
,Male,Male
,Male,Male
,Male,Male
,Female,Male
,Male,Male
,Male,Male
,Female,Male
,Male,Male
,Male,Male
,Male,Male
,Male,Male
,Female,Male
,Male,Male
,Male,Male
,Male,Male
,Male,Male
,Male,Female
,Female,Female
,Male,Male
,Female,Male
,Male,Male
,Male,Male
,Male,Male
,Female,Female
,Male,Male
,Male,Male
,Male,Male
,Male,Male
,Male,Male
,Male,Male
,Male,Male
,Female,Male
,Male,Female
,Male,Male
,Male,Female
,Male,Female
,Male,Male
,Male,Male
,Male,Male
,Female,Male
,Male,Male
,Female,Male
,Male,Male
,Male,Male
,Male,Male
,Male,Male
,Male,Male
,Male,Male
,Male,Male
,Male,Male
,Male,Male
,Male,Male
,Female,Female
,Male,Male
,Male,Male
,Male,Male
,Male,Male
,Male,Male
,Male,Female
,Male,Male
,Male,Female
,Male,Male
,Male,Male
,Male,Female
,Male,Female
,Male,Male
,Female,Female
,Male,Male
,Male,Male
,Male,Male
,Male,Male
,Male,Female
,Male,Female
,Male,Male
,Male,Male
,Male,Male
,Male,Male
,Female,Male
,Male,Male
,Male,Male
,Female,Male
,Male,Male
,Male,Female
,Male,Male
,Male,Female
,Male,Male
,Male,Female
,Male,Male
,Male,Male
,Male,Male
,Male,Male
,Male,Female
,Male,Male
,Female,Male
,Female,Male
,Male,Male
,Male,Male
,Male,Female
,Female,Male
,Male,Male
,Male,Male
,Male,Male
,Male,Male
,Male,Male
,Male,Male
,Male,Male
,Female,Male
,Male,Male
,Male,Female
,Male,Male
,Male,Male
,Male,Male
,Male,Male
,Male,Female
,Male,Female
,Male,Male
,Male,Male
,Male,Male
,Male,Male
,Male,Male
,Male,Male
,Male,Female
,Male,Male
,Male,Male
,Male,Male
,Male,Male
,Male,Male
,Male,Female
,Male,Male
,Male,Male
,Male,Female
,Male,Male
,Male,Male
,Male,Male
,Male,Male
,Male,Male
,Male,Male
,Male,Male
,Male,Male
,Male,Male
,Male,Female
,Male,Male
,Male,Male
,Male,Male
,Male,Male
,Male,Male
,Male,Male
,Male,Male
,Male,Male
,Female,Male
,Male,Female
,Male,Female
,Female,Male
,Male,Male
,Male,Male
,Male,Male
,Female,Male
,Female,Male
,Male,Male
,Male,Male
,Female,Female
,Male,Male
,Female,Male
,Male,Male
,Male,Male
,Female,Male
,Male,Male
,Male,Female
,Male,Male
,Male,Male
,Male,Male
,Male,Male
,Male,Male
,Male,Male
,Male,Male
,Male,Male
,Male,Male
,Male,Male
,Male,Male
,Male,Male
,Male,Male
,Male,Male
,Male,Male
,Male,Male
,Male,Male
,Female,Male
,Male,Male
,Male,Male
,Male,Male
,Male,Male
,Male,Male
,Male,Male
,Female,Female
,Male,Male
,Male,Male
,Female,Male
,Male,Male
,Male,Male
,Male,Male
,Male,Male
,Male,Male
,Male,Male
,Male,Male
,Female,Male
,Male,Male
,Male,Male
,Male,Male
,Male,Male
,Male,Male
,,Male
,,Female
,,Male
,,Male
,,Male
,,Male
,,Male
,,Male
,,Male
,,Male
,,Male
,,Female
,,Male
,,Female
,,Male
,,Male
,,Male
,,Male
,,Female
,,Male
,,Male
,,Male
,,Male
,,Female
,,Male
,,Male
,,Male
,,Male
,,Male
,,Male
,,Female
,,Male
,,Male
,,Female
,,Female
,,Male
,,Male
,,Male
,,Male
,,Male
,,Female
,,Male
,,Male
,,Male
,,Male
,,Male
,,Male
,,Male
,,Male
,,Female
,,Male
,,Male
,,Female
,,Male
,,Male
,,Male
,,Female
,,Male
,,Male
,,Male
,,Male
,,Female
,,Female
,,Male
,,Male
,,Male
,,Male
,,Male
,,Male
,,Male
,,Male
,,Male
,,Male
,,Female
,,Male
,,Female
,,Male
,,Male
,,Male
,,Female
,,Male
,,Male
,,Male
,,Male
,,Male
,,Male
,,Male
,,Female
,,Female
,,Male
,,Female
,,Male
,,Female
,,Male
,,
,,Male
,,Male
,,Male
,,Male
,,Female
,,Male
,,Male
,,Male
,,Male
,,Female
,,Male
,,Male
,,Male
,,Male
,,Male
,,Male
,,Female
,,Male
,,Male
,,Male
,,Male
,,Female
,,Male
,,Male
,,Male
,,Male
,,Male
,,Male
,,Male
,,Male
,,Male
,,Male
,,Male
,,Male
,,Male
,,Male
,,Male
,,Male
,,Male
,,Male
,,Male
,,Male
,,Male
,,Male
,,Male
,,Male
,,Male
,,Female
,,Female
,,Male
,,Male
,,Male
,,Female
,,Male
,,Female
,,Male
,,Male
,,Male
,,Male
,,Male
,,Male
,,Female
,,
,,Male
,,Male
,,Male
,,Male
,,Male
,,Male
,,Female
,,Female
,,Female
,,Female
,,Male
,,Male
,,Female
,,Female
,,Male
,,Male
,,Male
,,Male
,,Male
,,Male
,,Male
,,Female
,,Male
,,Male
,,Male
,,Male
,,Male
,,Male
,,Male
,,
,,Male
,,
,,
,,Male
,,Male
,,Female
,,Female
,,Male
,,Male
,,Male
,,Male
,,Male
,,Male
,,Female
,,Male
,,Male
,,Male
,,Male
,,Male
,,Male
,,Male
,,Male
,,Male
,,Male
,,Female
,,Male
,,Male
,,Male
,,Male
,,Male
,,Female
,,Male
,,Male
,,Female
,,Male
,,Male
,,Male
,,Male
,,Male
,,Male
,,Male
,,Male
,,Male
,,Male
,,Male
,,Male
,,Male
,,Male
,,Male
,,Male
,,Male
,,Male
,,
,,Male
,,Female
,,Male
,,Male
,,Male
,,Male
,,Male
,,Male
,,Female
,,Male
,,Male
,,Female
,,Male
,,Male
,,Male
,,Male
,,Male
,,Male
,,Male
,,Male
,,Male
